Protein.Group	Protein.Ids	Protein.Names	Genes	First.Protein.Description	Proteotypic	Stripped.Sequence	Modified.Sequence	Precursor.Charge	Precursor.Id	F:\Data\Osei\20240423_Varroa_Small_MSP\Varroa_MSP_Small_Large\199_Osei_MP_3c36_1_A10_100ng.raw	F:\Data\Osei\20240423_Varroa_Small_MSP\Varroa_MSP_Small_Large\203_Osei_MP_3c36_2_A11_100ng.raw	F:\Data\Osei\20240423_Varroa_Small_MSP\Varroa_MSP_Small_Large\204_Osei_MP_3c36_3_A12_100ng.raw	F:\Data\Osei\20240423_Varroa_Small_MSP\Varroa_MSP_Small_Large\208_Osei_MP_Cont_1_B4_100ng.raw	F:\Data\Osei\20240423_Varroa_Small_MSP\Varroa_MSP_Small_Large\209_Osei_MP_Cont_2_B5_100ng.raw	F:\Data\Osei\20240423_Varroa_Small_MSP\Varroa_MSP_Small_Large\210_Osei_MP_Cont_3_B6_100ng.raw	F:\Data\Osei\20240423_Varroa_Small_MSP\Varroa_MSP_Small_Large\205_Osei_MP_Inact_1_B1_100ng.raw	F:\Data\Osei\20240423_Varroa_Small_MSP\Varroa_MSP_Small_Large\206_Osei_MP_Inact_2_B2_100ng.raw	F:\Data\Osei\20240423_Varroa_Small_MSP\Varroa_MSP_Small_Large\207_Osei_MP_Inact_3_B3_100ng.raw	F:\Data\Osei\20240423_Varroa_Small_MSP\Varroa_MSP_Small_Large\223_Osei_MSP1_1_C4_100ng.raw	F:\Data\Osei\20240423_Varroa_Small_MSP\Varroa_MSP_Small_Large\224_Osei_MSP1_2_C5_100ng.raw	F:\Data\Osei\20240423_Varroa_Small_MSP\Varroa_MSP_Small_Large\225_Osei_MSP1_3_C6_100ng.raw	F:\Data\Osei\20240423_Varroa_Small_MSP\Varroa_MSP_Small_Large\229_Osei_MSP2_1_C7_100ng.raw	F:\Data\Osei\20240423_Varroa_Small_MSP\Varroa_MSP_Small_Large\231_Osei_MSP2_3_C9_100ng.raw
A0A7M7KDR0	A0A7M7KDR0	A0A7M7KDR0			1	AAAFVGSWK	(UniMod:1)AAAFVGSWK	2	(UniMod:1)AAAFVGSWK2	219235	326539	161559	301943	268137	211377	245988	226775	292782					
A0A7M7JIN0	A0A7M7JIN0	A0A7M7JIN0			1	ADLGGPLDIK	(UniMod:1)ADLGGPLDIK	2	(UniMod:1)ADLGGPLDIK2	372475	551724	301136	446944	981042	557044	529664	468205	577104					
A0A7M7J6X2	A0A7M7J6X2	A0A7M7J6X2			1	AISAASLAGR	(UniMod:1)AISAASLAGR	2	(UniMod:1)AISAASLAGR2	1.09E+06	1.06E+06	941551	416819	482540	477910	1.64E+06	1.72E+06	1.72E+06					
A0A7M7KWN7	A0A7M7KWN7	A0A7M7KWN7			1	ATPLTDAEK	(UniMod:1)ATPLTDAEK	2	(UniMod:1)ATPLTDAEK2	6.24E+06	6.28E+06	5.83E+06	1.62E+07	1.57E+07	1.59E+07	9.86E+06	9.92E+06	1.07E+07					
A0A7M7KR03	A0A7M7KR03	A0A7M7KR03			1	ATVLVLGSGGR	(UniMod:1)ATVLVLGSGGR	2	(UniMod:1)ATVLVLGSGGR2	364716	902545	311396	683871	1.01E+06	762152	975674	895738	1.05E+06					
A0A7M7JBY3	A0A7M7JBY3	A0A7M7JBY3			1	AVASASFTGVR	(UniMod:1)AVASASFTGVR	2	(UniMod:1)AVASASFTGVR2	79897.4	94210.6	82146.8				83795	88434.7	106294					
A0A7M7KEH1	A0A7M7KEH1	A0A7M7KEH1			1	SLILVSSNK	(UniMod:1)SLILVSSNK	2	(UniMod:1)SLILVSSNK2	513662	504531	458654	572680	411255	560331	369498	283827	340758					
A0A7M7MJ69	A0A7M7MJ69	A0A7M7MJ69			1	SLVVPEKF	(UniMod:1)SLVVPEKF	2	(UniMod:1)SLVVPEKF2	120145	134384	106853	102829	122061	72903.1	51124.9	45692.8	64879.2					
A0A7M7K4S9	A0A7M7K4S9	A0A7M7K4S9			1	VDALIGTWK	(UniMod:1)VDALIGTWK	2	(UniMod:1)VDALIGTWK2	55402.7	48122.4	44873.6	57346.9	96252.6	80687.9	12648	6267.23	22292.5					
A0A7M7JPG1	A0A7M7JPG1	A0A7M7JPG1			1	AAANSDQWK	AAANSDQWK	2	AAANSDQWK2	178698	168643	165751	394541	251506	195048	532752	531218	441970					
A0A7M7JUF4	A0A7M7JUF4	A0A7M7JUF4			1	AAASTDYYTR	AAASTDYYTR	2	AAASTDYYTR2	448315	439092	459573	629093	563443	556286	2.36E+06	2.27E+06	1.85E+06					
A0A7M7JLC2	A0A7M7JLC2	A0A7M7JLC2			1	AADVNLATSK	AADVNLATSK	2	AADVNLATSK2	1.33E+06	1.17E+06	1.23E+06	921106	874676	816441	397198	369163	359989					
A0A7M7JLT0	A0A7M7JLT0	A0A7M7JLT0			1	AAEEMLAAGNK	AAEEM(UniMod:35)LAAGNK	2	AAEEM(UniMod:35)LAAGNK2	40722.5	40188.5	36564.4	82349.3	46536	50745.5	129695	147456	132687					
A0A7M7KDZ7	A0A7M7KDZ7	A0A7M7KDZ7			1	AAEEMLAGGAK	AAEEM(UniMod:35)LAGGAK	2	AAEEM(UniMod:35)LAGGAK2	13564.7	30903.4	31325	31990.2	33263.9	18625	86288	71742.9	89810.2					
A0A7M7J6K9	A0A7M7J6K9	A0A7M7J6K9			1	AALGMPAATSF	AALGM(UniMod:35)PAATSF	2	AALGM(UniMod:35)PAATSF2	25349.9	17122.8	16732.4		22297.3		19886	15710.8	18863.5					
A0A7M7J990	A0A7M7J990	A0A7M7J990			1	AANGPTTPAADK	AANGPTTPAADK	2	AANGPTTPAADK2	71740.6	68929.9	63006.3	154498	131670	137685	223407	211949	272256					
A0A7M7K5P5	A0A7M7K5P5	A0A7M7K5P5			1	AASDPDYSIR	AASDPDYSIR	2	AASDPDYSIR2	9.24E+06	9.38E+06	9.25E+06	6.23E+06	5.95E+06	5.46E+06	1.38E+07	1.43E+07	1.42E+07					
P13645	P13645	P13645	KRT10		1	ADLEMQIE	ADLEM(UniMod:35)QIE	2	ADLEM(UniMod:35)QIE2	1.83E+06	1.72E+06	1.51E+06	2.05E+06	2.08E+06	1.92E+06	502616	453189	500741					
A0A7M7J6D5	A0A7M7J6D5	A0A7M7J6D5			1	ADQVGQGLDR	ADQVGQGLDR	2	ADQVGQGLDR2	1.70E+06	1.74E+06	1.66E+06	2.75E+06	2.58E+06	2.26E+06	4.42E+06	4.90E+06	4.05E+06					
A0A7M7KIV2	A0A7M7KIV2	A0A7M7KIV2			1	ADVQDNMR	ADVQDNM(UniMod:35)R	2	ADVQDNM(UniMod:35)R2		8294.64												
P04264	P04264	P04264	KRT1		1	AEAESLYQSK	AEAESLYQSK	2	AEAESLYQSK2	4.94E+07	4.75E+07	4.60E+07	1.54E+07	1.36E+07	1.37E+07	1.00E+08	1.02E+08	8.49E+07	2.19E+06	2.06E+06	2.16E+06	2.50E+07	2.34E+07
A0A7M7JFF6	A0A7M7JFF6	A0A7M7JFF6			1	AEAPYTNPK	AEAPYTNPK	2	AEAPYTNPK2	344022	298645	281931	255443	207439	196081	337305	285994	346992					
A0A7M7JQY0	A0A7M7JQY0	A0A7M7JQY0			1	AEEVESIKR	AEEVESIKR	2	AEEVESIKR2	31007	41493.7	32491.6	86551	61942.8	51236.8	121752	112209	34474.3					
A0A7M7J610	A0A7M7J610	A0A7M7J610			1	AETQQVDGFK	AETQQVDGFK	2	AETQQVDGFK2	771827	713987	681139	134197	123104	125701	81281.4	74953.5	77359.1					
A0A7M7J110	A0A7M7J110	A0A7M7J110			1	AFMGNELNGK	AFM(UniMod:35)GNELNGK	2	AFM(UniMod:35)GNELNGK2	392831	352573	367238	242559	211203	178504	161911	135390	173449					
A0A7M7JI17	A0A7M7JI17	A0A7M7JI17			1	AGADVGQNGIR	AGADVGQNGIR	2	AGADVGQNGIR2	4.66E+06	5.05E+06	4.44E+06	8.28E+06	8.02E+06	7.57E+06	1.72E+07	1.72E+07	1.53E+07					
A0A7M7JPG1	A0A7M7JPG1	A0A7M7JPG1			1	AGAEYVVEST	AGAEYVVEST	2	AGAEYVVEST2	964813	900891	758614	2.11E+06	2.05E+06	2.30E+06	1.27E+06	1.05E+06	830668					
A0A7M7IY42	A0A7M7IY42	A0A7M7IY42			1	AGFAGDDAPR	AGFAGDDAPR	2	AGFAGDDAPR2	9.96E+06	1.10E+07	1.05E+07	1.35E+07	1.20E+07	1.09E+07	2.24E+06	2.45E+06	2.12E+06	1.13E+06	1.10E+06	995051		226333
A0A7M7KZZ2	A0A7M7KZZ2	A0A7M7KZZ2			1	AGMDWSTGK	AGM(UniMod:35)DWSTGK	2	AGM(UniMod:35)DWSTGK2	177894	181745	131106	407132	311422	379730	141424	150043	140692					
A0A7M7JU59	A0A7M7JU59	A0A7M7JU59			1	AIGESNFTK	AIGESNFTK	2	AIGESNFTK2	1.57E+06	1.42E+06	1.25E+06	761069	719211	670612	107563	95980.1	105568					
A0A7M7K1F0	A0A7M7K1F0	A0A7M7K1F0			1	AIVSQYAGR	AIVSQYAGR	2	AIVSQYAGR2	3.21E+06	2.92E+06	2.89E+06	2.22E+06	2.04E+06	1.98E+06	222509	215641	194426					
A0A7M7IYD9	A0A7M7IYD9	A0A7M7IYD9			1	AMADPEVQK	AM(UniMod:35)ADPEVQK	2	AM(UniMod:35)ADPEVQK2	316112	280852	266962	519909	457363	476708	739812	685174	805470					
P04264	P04264	P04264	KRT1		1	AQYEDIAQK	AQYEDIAQK	2	AQYEDIAQK2	7.31E+07	6.41E+07	6.42E+07	2.44E+07	1.87E+07	1.67E+07	1.24E+08	1.17E+08	1.15E+08	3.06E+07	3.05E+07	3.01E+07	3.33E+07	3.18E+07
P35908	P35908	P35908	KRT2		1	AQYEEIAQR	AQYEEIAQR	2	AQYEEIAQR2	1.32E+07	1.32E+07	1.24E+07	4.74E+06	4.26E+06	3.95E+06	5.16E+06	4.97E+06	4.51E+06	7.09E+06	6.32E+06	6.36E+06	5.29E+06	4.63E+06
A0A7M7J610	A0A7M7J610	A0A7M7J610			1	ASAPVSTDNK	ASAPVSTDNK	2	ASAPVSTDNK2	870924	932743	1.12E+06	1.16E+06	1.06E+06	185612	336153	208711	1.16E+06					
A0A7M7JUI2	A0A7M7JUI2	A0A7M7JUI2			1	ASETLLTQQ	ASETLLTQQ	2	ASETLLTQQ2	143092	120780	99181.7	209857	227360	237446	164714	135661	144052					
A0A7M7KVX6	A0A7M7KVX6	A0A7M7KVX6			1	ASTATITNNR	ASTATITNNR	2	ASTATITNNR2	41962.6	53192.5	47041.8	81738.6	48043.5	51627.4	188236	185842	192062					
A0A7M7KA41	A0A7M7KA41	A0A7M7KA41			1	ATNYAMQR	ATNYAM(UniMod:35)QR	2	ATNYAM(UniMod:35)QR2		22990.2	21713.2	52471.3		27895.7	47231.9	73665	27208.3					
A0A7M7MJY7	A0A7M7MJY7	A0A7M7MJY7			1	ATYNPATGEK	ATYNPATGEK	2	ATYNPATGEK2	167808	163986	151266	264056	172923	177866	362108	382965	509655					
A0A7M7KPU5	A0A7M7KPU5	A0A7M7KPU5			1	AVLPVIESF	AVLPVIESF	2	AVLPVIESF2	282867	139797	197486		26672.9	23263.5				2.33E+06	2.64E+06	3.51E+06		1.44E+06
A0A7M7KHQ2	A0A7M7KHQ2	A0A7M7KHQ2			1	AYLPVNESF	AYLPVNESF	2	AYLPVNESF2	92166.2	203951	56225.1	66257.5	198512	185840	90620.4	72027.7	83194					
P13645	P13645	P13645	KRT10		1	DAEAWFNEK	DAEAWFNEK	2	DAEAWFNEK2	20591.9	1.19E+06						4503.63					538609	506602
A0A7M7KWN7	A0A7M7KWN7	A0A7M7KWN7			1	DAGLGNGGLGR	DAGLGNGGLGR	2	DAGLGNGGLGR2	631040	580604	557592	149662	140749	144754	362873	345401	412417					
A0A7M7K5P5	A0A7M7K5P5	A0A7M7K5P5			1	DAQDFIQQ	DAQDFIQQ	2	DAQDFIQQ2	163660	145641	131642	208726	240242	218754	128743	124399	142373					
A0A7M7K5P5	A0A7M7K5P5	A0A7M7K5P5			1	DAQDFIQQR	DAQDFIQQR	2	DAQDFIQQR2	9.60E+06	9.37E+06	8.64E+06	556644	533443	566334	1.21E+07	1.18E+07	7.64E+06					
A0A7M7MCX0	A0A7M7MCX0	A0A7M7MCX0			1	DAQEVLMAR	DAQEVLM(UniMod:35)AR	2	DAQEVLM(UniMod:35)AR2	138758	122028	135577				237622	233566	162565					
A0A7M7L451	A0A7M7L451	A0A7M7L451			1	DDEVQIMR	DDEVQIM(UniMod:35)R	2	DDEVQIM(UniMod:35)R2	126815	143562	164874	235962	267347	270032	521977	524446	436143					
A0A7M7JUF4	A0A7M7JUF4	A0A7M7JUF4			1	DDGVITAYR	DDGVITAYR	2	DDGVITAYR2	1.19E+06	1.12E+06	1.10E+06	816843	775920	772586	603746	588385	588919					
A0A7M7K1K0	A0A7M7K1K0	A0A7M7K1K0			1	DDLYGGVTR	DDLYGGVTR	2	DDLYGGVTR2	466333	459817	429114	1.30E+06	1.25E+06	1.27E+06	226678	238411	247190					
A0A7M7JHW3	A0A7M7JHW3	A0A7M7JHW3			1	DGEVVDPSGR	DGEVVDPSGR	2	DGEVVDPSGR2	510062	510295	483106	637990	623189	568873	1.52E+06	1.55E+06	1.61E+06					
A0A7M7J610	A0A7M7J610	A0A7M7J610			1	DGSADYMTSH	DGSADYM(UniMod:35)TSH	2	DGSADYM(UniMod:35)TSH2	243173	256408	273810		12705.8		13973.9	16027	21280					
A0A7M7KB71	A0A7M7KB71	A0A7M7KB71			1	DGVYDISNK	DGVYDISNK	2	DGVYDISNK2	121009	83884.4	100183	157705	130719	134590	272837	248708	274486					
A0A7M7JG63	A0A7M7JG63	A0A7M7JG63			1	DGVYQINMK	DGVYQINM(UniMod:35)K	2	DGVYQINM(UniMod:35)K2	535916	531623	486440	253856	203152	227381	324981	349798	367797					
A0A7M7JDY4	A0A7M7JDY4	A0A7M7JDY4			1	DHEVPIGTD	DHEVPIGTD	2	DHEVPIGTD2			279025		10887.2			366092	411677					
A0A7M7K486	A0A7M7K486	A0A7M7K486			1	DIAQGMGVNK	DIAQGM(UniMod:35)GVNK	2	DIAQGM(UniMod:35)GVNK2	1.62E+06	1.57E+06	1.49E+06	2.09E+06	1.98E+06	1.81E+06	5.94E+06	6.92E+06	6.94E+06					
A0A7M7JAQ4	A0A7M7JAQ4	A0A7M7JAQ4			1	DIGQQTLPDK	DIGQQTLPDK	2	DIGQQTLPDK2	763410	727864	653667	188111	166066	168577	1.66E+06	1.56E+06	1.73E+06					
A0A7M7JG63	A0A7M7JG63	A0A7M7JG63			1	DLSDIGVQL	DLSDIGVQL	2	DLSDIGVQL2	16704.7	8461.12	8445.65	11196	17645.3	29625.2								
A0A7M7IY42	A0A7M7IY42	A0A7M7IY42			1	DLTDYLMK	DLTDYLM(UniMod:35)K	2	DLTDYLM(UniMod:35)K2	4.23E+06	4.49E+06	4.39E+06	98020.1	82935.4	76870.1	3.58E+06	2.77E+06	3.29E+06					
A0A7M7K5P5	A0A7M7K5P5	A0A7M7K5P5			1	DLYNAIENGK	DLYNAIENGK	2	DLYNAIENGK2	860764	721439	816074	85389.6	83114.5	86205.5	840589	798390	839913					
A0A7M7KJA0	A0A7M7KJA0	A0A7M7KJA0			1	DNDEVIIR	DNDEVIIR	2	DNDEVIIR2	2.66E+06	2.66E+06	2.50E+06	423578	410168	412995	820625	825025	756139					
P00761	P00761	P00761			1	DNDIMLIK	DNDIM(UniMod:35)LIK	2	DNDIM(UniMod:35)LIK2	34744.4	28237.1	31574.8											
P00761	P00761	P00761			1	DNDIMLIK	DNDIMLIK	2	DNDIMLIK2										6.81E+06	6.55E+06	7.06E+06		
A0A7M7KDL5	A0A7M7KDL5	A0A7M7KDL5			1	DNEDAFLR	DNEDAFLR	2	DNEDAFLR2	176274	172671	163821				103761	71213.6	58499.2					
A0A7M7K2U0	A0A7M7K2U0	A0A7M7K2U0			1	DQDITDELK	DQDITDELK	2	DQDITDELK2	1.19E+06	1.15E+06	1.07E+06	233995	219442	182827	2.77E+06	2.87E+06	2.78E+06					
A0A7M7J6K7	A0A7M7J6K7	A0A7M7J6K7			1	DSSSTNVFTK	DSSSTNVFTK	2	DSSSTNVFTK2	107782	107687	103709	186575	181962	174945	389427	370164	369502					
A0A7M7KDC1	A0A7M7KDC1	A0A7M7KDC1			1	DTPESAWDK	DTPESAWDK	2	DTPESAWDK2	461156	449895	388420	357729	379872	327971	268440	249750	305063					
A0A7M7KJA0	A0A7M7KJA0	A0A7M7KJA0			1	DVALENGGSR	DVALENGGSR	2	DVALENGGSR2	1.54E+06	1.57E+06	1.46E+06	2.16E+06	2.04E+06	2.07E+06	4.61E+06	4.36E+06	5.06E+06					
P04264	P04264	P04264	KRT1		1	DVDGAYMTK	DVDGAYMTK	2	DVDGAYMTK2	4.03E+06	3.12E+06	2.93E+06	2.44E+06	2.60E+06	1.95E+06	5.84E+06	5.41E+06	6.79E+06					1.24E+07
P35908	P35908	P35908	KRT2		1	DVDNAYMIK	DVDNAYM(UniMod:35)IK	2	DVDNAYM(UniMod:35)IK2	4.84E+06	4.92E+06	4.39E+06	1.06E+06	1.04E+06	978187	3.03E+06	2.86E+06	2.62E+06	1.37E+06	1.33E+06			
A0A7M7JNT4	A0A7M7JNT4	A0A7M7JNT4			1	DVPLQNDYK	DVPLQNDYK	2	DVPLQNDYK2	1.81E+06	1.85E+06	1.62E+06	459761	448281		1.49E+06	1.51E+06	1.54E+06					
A0A7M7MDU4	A0A7M7MDU4	A0A7M7MDU4			1	DVQLSDYSGK	DVQLSDYSGK	2	DVQLSDYSGK2	2.08E+06	2.02E+06	1.90E+06	2.28E+06	2.16E+06	2.13E+06	2.41E+06	2.52E+06	2.23E+06					
A0A7M7KDL5	A0A7M7KDL5	A0A7M7KDL5			1	DVSNIDLSTK	DVSNIDLSTK	2	DVSNIDLSTK2	944089	938814	885045	270319	267524	248757	1.70E+06	1.54E+06	1.37E+06					
A0A7M7KZI5	A0A7M7KZI5	A0A7M7KZI5			1	DVVDVDDNR	DVVDVDDNR	2	DVVDVDDNR2	1.44E+06	1.41E+06	1.35E+06	204793	194890	165396	691921	705280	728214					
A0A7M7JJY7	A0A7M7JJY7	A0A7M7JJY7			1	DVWLSNTR	DVWLSNTR	2	DVWLSNTR2	9.62E+06	7.93E+06	7.07E+06	422690	398770		2.22E+06	2.04E+06	2.53E+06	3.22E+06	3.36E+06			1.04E+07
A0A7M7K1F0	A0A7M7K1F0	A0A7M7K1F0			1	DYMGEIVK	DYM(UniMod:35)GEIVK	2	DYM(UniMod:35)GEIVK2	1.05E+06	1.00E+06	959806	1.33E+06	1.28E+06	1.31E+06	1.40E+06	1.29E+06	1.40E+06					
A0A7M7KCZ0	A0A7M7KCZ0	A0A7M7KCZ0			1	EDAANNYAR	EDAANNYAR	2	EDAANNYAR2	477348	382567	356226	785826	777844	550589	1.35E+06	1.34E+06	1.21E+06					
A0A7M7JLQ4	A0A7M7JLQ4	A0A7M7JLQ4			1	EDLNELQR	EDLNELQR	2	EDLNELQR2	1.78E+06	1.81E+06	1.64E+06	681815	682746	680551	303064	288827	234275					
O77727	O77727	O77727	KRT15		1	EEANADLEVK	EEANADLEVK	2	EEANADLEVK2	397077	354254	348944	180428	174019	152615	271781	240467	214412					
P35527	P35527	P35527	KRT9		1	EEMSQLTGQ	EEM(UniMod:35)SQLTGQ	2	EEM(UniMod:35)SQLTGQ2	386647	341548	342718	277864	259534	138805	65081.2	59769.5	67753.1					
A0A7M7KDD7	A0A7M7KDD7	A0A7M7KDD7			1	EGNPSAEGIK	EGNPSAEGIK	2	EGNPSAEGIK2	174506	147040	151814	275355	286168	200019	667310	640018	739486					
A0A7M7KR03	A0A7M7KR03	A0A7M7KR03			1	EGSPQVNVR	EGSPQVNVR	2	EGSPQVNVR2	355914	326242	293301	731592	616233	661535	858244	826236	938112					
A0A7M7J610	A0A7M7J610	A0A7M7J610			1	EIEIDGGRR	EIEIDGGRR	2	EIEIDGGRR2	1.79E+06	1.56E+06	1.70E+06	208944	193284	141805								
A0A7M7MAI7	A0A7M7MAI7	A0A7M7MAI7			1	EIGQQPTVR	EIGQQPTVR	2	EIGQQPTVR2	3.84E+06	3.77E+06	3.58E+06	4.44E+06	4.18E+06	3.97E+06	944715	1.02E+06	1.14E+06					
A0A7M7JDP0	A0A7M7JDP0	A0A7M7JDP0			1	EMDATGVTIQ	EM(UniMod:35)DATGVTIQ	2	EM(UniMod:35)DATGVTIQ2	23542.2	15340.7	10535	65247.3	59917.8	73479.5	19186.3	12196.1	10806.3					
A0A7M7MH43	A0A7M7MH43	A0A7M7MH43			1	ENFTAMTR	ENFTAM(UniMod:35)TR	2	ENFTAM(UniMod:35)TR2	1.59E+06	1.76E+06	1.72E+06	1.86E+06	1.78E+06	1.63E+06	4.02E+06	4.49E+06	3.95E+06					
A0A7M7MEG8	A0A7M7MEG8	A0A7M7MEG8			1	ETFKPGQSK	ETFKPGQSK	2	ETFKPGQSK2		1.09E+07		4.01E+06	6.29E+06	7.60E+06			2.55E+06					
A0A7M7JNI0	A0A7M7JNI0	A0A7M7JNI0			1	FAAGSTEPSR	FAAGSTEPSR	2	FAAGSTEPSR2	198210	203444	179638	247345	209673	205866	616302	564522	577599					
P35527	P35527	P35527	KRT9		1	FEMEQNLR	FEM(UniMod:35)EQNLR	2	FEM(UniMod:35)EQNLR2	1.08E+07	1.05E+07	9.63E+06	5.57E+06	4.51E+06	4.44E+06	998398	1.12E+06	1.12E+06		2.46E+06			
A0A7M7JLC2	A0A7M7JLC2	A0A7M7JLC2			1	FEMQLSAF	FEM(UniMod:35)QLSAF	2	FEM(UniMod:35)QLSAF2	1.12E+06	1.08E+06	880133	1.09E+06	1.38E+06	1.26E+06	322211	282572	234936					
P35527	P35527	P35527	KRT9		1	FEMEQNLR	FEMEQNLR	2	FEMEQNLR2	526809	413158	397044								1.18E+07			6.72E+06
A0A7M7JFN8	A0A7M7JFN8	A0A7M7JFN8			1	FFDMPEIPQ	FFDM(UniMod:35)PEIPQ	2	FFDM(UniMod:35)PEIPQ2	402106	924137	368881	349429	375386	603043	230042	205760	286095					
P35908	P35908	P35908	KRT2		1	FGGFGGPGGVGGL	FGGFGGPGGVGGL	2	FGGFGGPGGVGGL2	251840	363452	212399	91994.6	89159.3	84201.6	31872	31096.1	40337.5	1.47E+06	1.51E+06	1.51E+06	453339	427122
A0A7M7KLU4	A0A7M7KLU4	A0A7M7KLU4			1	FIDEGITIA	FIDEGITIA	2	FIDEGITIA2	15061.5	35573.3	10336.8	19090	61028.9	48241.3	24022.8	13844.4	17876.6					
P04264	P04264	P04264	KRT1		1	FLEQQNQVL	FLEQQNQVL	2	FLEQQNQVL2	887971	896598	826446	614950	646721	614189	303442	292188	310776	2.41E+06	2.43E+06	2.63E+06		
P04264	P04264	P04264	KRT1		1	FLEQQNQVLQTK	FLEQQNQVLQTK	3	FLEQQNQVLQTK3	113064	72089.3	30284.8				15299.3				627137	561329		
A0A7M7KHG0	A0A7M7KHG0	A0A7M7KHG0			1	FSNNWFQAT	FSNNWFQAT	2	FSNNWFQAT2	13353.7	88707.4	22632.9	150674	226371	188597		16753.3	13682.1					
P35527	P35527	P35527	KRT9		1	FSSSGGGGGGGR	FSSSGGGGGGGR	2	FSSSGGGGGGGR2	83891.4	87091	83396.8	98775.2			62423	53860.5	50939.5					
P35527	P35527	P35527	KRT9		1	FSSSGGGGGGGRF	FSSSGGGGGGGRF	2	FSSSGGGGGGGRF2	1.03E+06	859877	825639	199026	164791	141490	20018.1		18150.8					
A0A7M7KM07	A0A7M7KM07	A0A7M7KM07			1	FTQAGSEVSAL	FTQAGSEVSAL	2	FTQAGSEVSAL2	60318.4	59737.5	54921.6	136103	170596	170691	38506.5	43274	46847.5					
A0A7M7J610	A0A7M7J610	A0A7M7J610			1	FVSDMSITK	FVSDM(UniMod:35)SITK	2	FVSDM(UniMod:35)SITK2	3.44E+07	3.09E+07	2.91E+07	364838	372358	352766	387744	374396	397116					
A0A7M7J610	A0A7M7J610	A0A7M7J610			1	FYDFVNVGAT	FYDFVNVGAT	2	FYDFVNVGAT2		78372.9	37936.3		28226.2	26559.5								
A0A7M7JX50	A0A7M7JX50	A0A7M7JX50			1	GASVGDAGGAADR	GASVGDAGGAADR	2	GASVGDAGGAADR2	278052	302296	292532	311748	286005	324874	614512	617521	586791					
A0A7M7KP99	A0A7M7KP99	A0A7M7KP99			1	GDDLTVTNPK	GDDLTVTNPK	2	GDDLTVTNPK2	3.11E+06	3.09E+06	2.89E+06	1.95E+06	1.75E+06	1.78E+06	1.04E+06	1.01E+06	1.03E+06					
A0A7M7KHQ2	A0A7M7KHQ2	A0A7M7KHQ2			1	GDESGPMGDLK	GDESGPM(UniMod:35)GDLK	2	GDESGPM(UniMod:35)GDLK2	873494	959969	929788	1.90E+06	1.79E+06	1.75E+06	1.52E+06	1.55E+06	1.67E+06					
P13645	P13645	P13645	KRT10		1	GGDGGLLSGNEK	GGDGGLLSGNEK	2	GGDGGLLSGNEK2	1.55E+07	1.42E+07	1.34E+07	6.97E+06	6.43E+06	5.90E+06	1.27E+06	1.25E+06	1.38E+06	3.95E+06	4.06E+06	4.09E+06	3.65E+06	3.55E+06
P04264	P04264	P04264	KRT1		1	GGGGGGYGSGGSSY	GGGGGGYGSGGSSY	2	GGGGGGYGSGGSSY2	216916	199552	207296	99628.6	81450.2	64765.1	35462.2	40423.4	28007.8					
P35908	P35908	P35908	KRT2		1	GGGYGSGGGSGGR	GGGYGSGGGSGGR	2	GGGYGSGGGSGGR2	50337.4	61497												
P35527	P35527	P35527	KRT9		1	GGSGGSHGGGSGF	GGSGGSHGGGSGF	2	GGSGGSHGGGSGF2	603339	511081	561606	135544	158728	141744	165956	140852	195286					
A0A7M7JWA7	A0A7M7JWA7	A0A7M7JWA7			1	GGSGSVVLSSK	GGSGSVVLSSK	2	GGSGSVVLSSK2	1.53E+06	1.56E+06	1.60E+06	2.48E+06	2.19E+06	2.28E+06	4.41E+06	4.80E+06	5.24E+06					
A0A7M7KPQ6	A0A7M7KPQ6	A0A7M7KPQ6			1	GGVTEVSAADK	GGVTEVSAADK	2	GGVTEVSAADK2	108437	98753.1	90524.8	126063	136398	119655	341696	318032	383418					
A0A7M7K1F0	A0A7M7K1F0	A0A7M7K1F0			1	GIPQNGGMSK	GIPQNGGM(UniMod:35)SK	2	GIPQNGGM(UniMod:35)SK2	240567	225548	227337	282077	272636	291124	426342	409986	471234					
A0A7M7IZN7	A0A7M7IZN7	A0A7M7IZN7			1	GISEETTTGVH	GISEETTTGVH	2	GISEETTTGVH2	55946.4	80269.8	87009.3	127789	126052	68891.7	322653	296628	357632					
A0A7M7KRV1	A0A7M7KRV1	A0A7M7KRV1			1	GNEMSEVLR	GNEM(UniMod:35)SEVLR	2	GNEM(UniMod:35)SEVLR2	116320	101391	152430	273192	198365	247216								
A0A7M7K486	A0A7M7K486	A0A7M7K486			1	GNLEPEEQR	GNLEPEEQR	2	GNLEPEEQR2	399952	398929	371576	430732	453387	416839	860055	769272	866915					
A0A7M7J6G9	A0A7M7J6G9	A0A7M7J6G9			1	GQESAGIVTSK	GQESAGIVTSK	2	GQESAGIVTSK2	104992	92877.8	80329.6	90994.5	100656	88823.9	305145	286100	296904					
A0A7M7MJY7	A0A7M7MJY7	A0A7M7MJY7			1	GQFVDAESGK	GQFVDAESGK	2	GQFVDAESGK2	635226	728460	614325	1.37E+06	1.12E+06	1.14E+06	1.67E+06	1.32E+06	1.72E+06					
A0A7M7MHE9	A0A7M7MHE9	A0A7M7MHE9			1	GSDIVVSNTAK	GSDIVVSNTAK	2	GSDIVVSNTAK2	1.00E+06	982352	842853	1.31E+06	1.18E+06	1.16E+06	3.62E+06	3.37E+06	3.03E+06					
P04264	P04264	P04264	KRT1		1	GSGGGSSGGSIGGR	GSGGGSSGGSIGGR	2	GSGGGSSGGSIGGR2	5.45E+06	4.80E+06	1.49E+06	3.33E+06	2.13E+06	2.42E+06	1.55E+06	2.07E+06	2.69E+06	929099	977100	735441		483596
A0A7M7JQ57	A0A7M7JQ57	A0A7M7JQ57			1	GSTLVVGGDGR	GSTLVVGGDGR	2	GSTLVVGGDGR2	1.30E+06	1.26E+06	1.18E+06	1.16E+06	1.13E+06	1.14E+06	761972	746640	826310					
A0A7M7JRJ8	A0A7M7JRJ8	A0A7M7JRJ8			1	GTDTAVVVTQK	GTDTAVVVTQK	2	GTDTAVVVTQK2	410276	430866	365470	719335	623854	618322	827073	896356	732432					
A0A7M7JH62	A0A7M7JH62	A0A7M7JH62			1	GYMPELNLE	GYM(UniMod:35)PELNLE	2	GYM(UniMod:35)PELNLE2	848967	750787	781294	539315	617515	620064	341981	341557	371179					
A0A7M7IY42	A0A7M7IY42	A0A7M7IY42			1	GYSFTTTAER	GYSFTTTAER	2	GYSFTTTAER2	2.58E+06	2.53E+06	2.47E+06	1.10E+06	354953	340020	130420	114808	124527					
A0A7M7JNI0	A0A7M7JNI0	A0A7M7JNI0			1	IAGNANYDLGL	IAGNANYDLGL	2	IAGNANYDLGL2	38252	42532.9	41959.8	43435.6	57913.2		18045.1		15936.2					
A0A7M7J610	A0A7M7J610	A0A7M7J610			1	IAGTSYYER	IAGTSYYER	2	IAGTSYYER2	7.74E+06	7.50E+06	7.16E+06	1.22E+06	1.10E+06	1.15E+06	1.84E+06	1.64E+06	1.28E+06					
A0A7M7KLU4	A0A7M7KLU4	A0A7M7KLU4			1	IANSVGAYLM	IANSVGAYLM(UniMod:35)	2	IANSVGAYLM(UniMod:35)2	203516	246629	247841	591033	676787	703676	195458	186720	145428					
A0A7M7JZ66	A0A7M7JZ66	A0A7M7JZ66			1	IDYNENEIK	IDYNENEIK	2	IDYNENEIK2	782314	766041	709255	971177	1.03E+06	972172	450331	459614	456335					
A0A7M7KP99	A0A7M7KP99	A0A7M7KP99			1	IEIGMDVAAS	IEIGM(UniMod:35)DVAAS	2	IEIGM(UniMod:35)DVAAS2	301106	313512	288536	934555	1.04E+06	967133	169263	151080	166875					
A0A7M7KR03	A0A7M7KR03	A0A7M7KR03			1	IESEVIQR	IESEVIQR	2	IESEVIQR2	960083	926778	914265	1.51E+06	1.33E+06	1.38E+06	155700	157029	127356					
A0A7M7K4S9	A0A7M7K4S9	A0A7M7K4S9			1	IGEEFEETR	IGEEFEETR	2	IGEEFEETR2	851195	799944	773497	173718	169912	155714	33757.1	30156.7	18379.7					
A0A7M7JU59	A0A7M7JU59	A0A7M7JU59			1	IGIDGSEQR	IGIDGSEQR	2	IGIDGSEQR2	375750	344737	354990	430014	403730	429998	453019	468547	497070					
A0A7M7K803	A0A7M7K803	A0A7M7K803			1	IGNLEEIGSA	IGNLEEIGSA	2	IGNLEEIGSA2	77529.6	55177.1	40066	142900	207637	233726			23063.3					
A0A7M7KTI6	A0A7M7KTI6	A0A7M7KTI6			1	IGNQGMIGVT	IGNQGM(UniMod:35)IGVT	2	IGNQGM(UniMod:35)IGVT2	105445	128193	110865	179248	216612	202235	71582.5	79347.6	71491.3					
P00761	P00761	P00761			1	IITHPNFNGN	IITHPNFNGN	2	IITHPNFNGN2	95594.9	46640.9	54672.5							2.07E+07	2.00E+07	2.10E+07	2.27E+06	2.15E+06
A0A7M7K486	A0A7M7K486	A0A7M7K486			1	ILQDIAAFQ	ILQDIAAFQ	2	ILQDIAAFQ2	92111.9	158267	65484.1	323771	585332	486274	54390.9	45009.8	64975.8					
A0A7M7KM07	A0A7M7KM07	A0A7M7KM07			1	IMDPNVVGQ	IM(UniMod:35)DPNVVGQ	2	IM(UniMod:35)DPNVVGQ2	655088	688577	652662	389260	455611	428568	217092	200348	160494					
A0A7M7K5P5	A0A7M7K5P5	A0A7M7K5P5			1	IMTSQQAEK	IM(UniMod:35)TSQQAEK	2	IM(UniMod:35)TSQQAEK2	225702		199817	477247	662270		279901	198051	258904					
A0A7M7J8D9	A0A7M7J8D9	A0A7M7J8D9			1	INNNLVDQL	INNNLVDQL	2	INNNLVDQL2	273258	244347	250885	385884	477781	489997	259864	225031	234035					
P35527	P35527	P35527	KRT9		1	IQDWYDK	IQDWYDK	2	IQDWYDK2	111120	2.28E+07	2.27E+07		75810.5	91079.1			75351.1	7.13E+06	6.50E+06			4.31E+06
A0A7M7K838	A0A7M7K838	A0A7M7K838			1	IQVPTDQPL	IQVPTDQPL	2	IQVPTDQPL2	752194	748745	657059	545667	596528	608525	318918	275606	299633					
A0A7M7JFF6	A0A7M7JFF6	A0A7M7JFF6			1	ISDYGYTR	ISDYGYTR	2	ISDYGYTR2	236820	233856	218154	279508	277529	246519	843381	895041	893687					
A0A7M7JQ57	A0A7M7JQ57	A0A7M7JQ57			1	ISGTGSTGATVR	ISGTGSTGATVR	2	ISGTGSTGATVR2	360932	318368	358182	608642	462009	467103	1.17E+06	1.09E+06	1.39E+06					
A0A7M7JLC2	A0A7M7JLC2	A0A7M7JLC2			1	ITSNELDTR	ITSNELDTR	2	ITSNELDTR2	4.28E+06	5.08E+06	5.25E+06	847736	888763	740873	1.36E+06	1.42E+06	1.15E+06					
A0A7M7M7U5	A0A7M7M7U5	A0A7M7M7U5			1	IVQSLTESK	IVQSLTESK	2	IVQSLTESK2	437602	383249	377922	351298	355653	400664	137738	127982	115545					
A0A7M7IY42	A0A7M7IY42	A0A7M7IY42			1	IWHHTFYNELR	IWHHTFYNELR	3	IWHHTFYNELR3	166040	132955	92789.1	103320	61321.9	64591.3	61644.5	38521.3	63902.5					
P04264	P04264	P04264	KRT1		1	KDVDGAYMT	KDVDGAYM(UniMod:35)T	2	KDVDGAYM(UniMod:35)T2	621246	630593	719900	385460	303083	359906	587504	596420	1.14E+06					
A0A7M7J610	A0A7M7J610	A0A7M7J610			1	KTTDLGIEHT	KTTDLGIEHT	2	KTTDLGIEHT2	1.36E+06	1.36E+06	1.41E+06											
P04264	P04264	P04264	KRT1		1	KYEDEINK	KYEDEINK	2	KYEDEINK2											768140			
A0A7M7JNZ4	A0A7M7JNZ4	A0A7M7JNZ4			1	LATTGDEWSR	LATTGDEWSR	2	LATTGDEWSR2	1.07E+06	925011	845456	1.06E+06	1.07E+06	972878								
A0A7M7JDP0	A0A7M7JDP0	A0A7M7JDP0			1	LDDGNYEMR	LDDGNYEM(UniMod:35)R	2	LDDGNYEM(UniMod:35)R2	171970	170242	167437	218467	173463	182783	569871	596867	587417					
A0A7M7JLC2	A0A7M7JLC2	A0A7M7JLC2			1	LDENPYLST	LDENPYLST	2	LDENPYLST2	3.27E+06	3.23E+06	2.72E+06	3.11E+06	3.65E+06	3.76E+06	829245	758093	802113					
A0A7M7JG63	A0A7M7JG63	A0A7M7JG63			1	LDENSQVVM	LDENSQVVM(UniMod:35)	2	LDENSQVVM(UniMod:35)2	556741	532036	493884	566192	569791	590999	286076	274528	263833					
A0A7M7JG63	A0A7M7JG63	A0A7M7JG63			1	LDENSQVVMS	LDENSQVVM(UniMod:35)S	2	LDENSQVVM(UniMod:35)S2		4.63E+06	4.36E+06		4.55E+06	4.57E+06								
A0A7M7K6G0	A0A7M7K6G0	A0A7M7K6G0			1	LDNNADLTK	LDNNADLTK	2	LDNNADLTK2	40813	34092.2	29156.6	36728.9	32850.1	34613.3	89429.7	87585.2	86582.2					
P04264	P04264	P04264	KRT1		1	LDSELKNM	LDSELKNM(UniMod:35)	2	LDSELKNM(UniMod:35)2	720860	717958	672726	246458	404216	426347	331704	287754	398534					
P13645	P13645	P13645	KRT10		1	LEGEGSSGGGGR	LEGEGSSGGGGR	2	LEGEGSSGGGGR2	320429	450785	757119	728914	333231	936301	432095	854946	429234		714482			
P04264	P04264	P04264	KRT1		1	LELSELNR	LELSELNR	2	LELSELNR2	784500	706539	715801	55537.4	12202.4		37239.2	36118.8	16365.9	3.82E+07	3.85E+07	3.89E+07	7.41E+06	7.16E+06
P13645	P13645	P13645	KRT10		1	LENEIQTY	LENEIQTY	2	LENEIQTY2	988155	788372	693439	1.12E+06	1.26E+06	1.32E+06	571304	449413	421631					
A0A7M7KP99	A0A7M7KP99	A0A7M7KP99			1	LGANAILGVSM	LGANAILGVSM(UniMod:35)	2	LGANAILGVSM(UniMod:35)2	81521	87529.2	88005.8	136427	201393	126507								
A0A7M7JCX1	A0A7M7JCX1	A0A7M7JCX1			1	LGILTPEQF	LGILTPEQF	2	LGILTPEQF2	31810.4	40099.9	23063.6	57409.4	45170.3	34830.3	45740.4	36346.4	42273.5					
A0A7M7KDC1	A0A7M7KDC1	A0A7M7KDC1			1	LGQEGANIVIS	LGQEGANIVIS	2	LGQEGANIVIS2	342875	368538	357135	586463	667005	853297	304906		272326					
A0A7M7KI95	A0A7M7KI95	A0A7M7KI95			1	LMGASQAASK	LM(UniMod:35)GASQAASK	2	LM(UniMod:35)GASQAASK2	139719		188460	179638	277947	246608	634025	358177	563992					
A0A7M7JUI2	A0A7M7JUI2	A0A7M7JUI2			1	LMLAEDGSGK	LM(UniMod:35)LAEDGSGK	2	LM(UniMod:35)LAEDGSGK2	341383	356950	313959	445200	416392	468114	499768	482474	398306					
P04264	P04264	P04264	KRT1		1	LNDLEDALQ	LNDLEDALQ	2	LNDLEDALQ2	851401	787975	748898	896781	1.04E+06	978876	357675	312415	316595					
A0A7M7JLC2	A0A7M7JLC2	A0A7M7JLC2			1	LNMDFSTEK	LNM(UniMod:35)DFSTEK	2	LNM(UniMod:35)DFSTEK2	122963	206592	127221	268238	309671	255006	39614.7	31331.3	31053.3					
A0A7M7J610	A0A7M7J610	A0A7M7J610			1	LPYENFASQ	LPYENFASQ	2	LPYENFASQ2	475637	517272	487652	571817	595409	529376		195456	192504					
A0A7M7M5E6	A0A7M7M5E6	A0A7M7M5E6			1	LQGTQVDDAK	LQGTQVDDAK	2	LQGTQVDDAK2	100634	95777.3	95113.6	105230	82489.8	87845	245108	223377	274320					
A0A7M7JLC2	A0A7M7JLC2	A0A7M7JLC2			1	LQNEVFDK	LQNEVFDK	2	LQNEVFDK2	2.09E+06	1.99E+06	1.76E+06		52057.5	52571.3	95109.1	104082	93453.3					
P00761	P00761	P00761			1	LSSPATLNSR	LSSPATLNSR	2	LSSPATLNSR2	2.54E+07	2.34E+07	2.10E+07	2.23E+06	2.20E+06	2.13E+06	9.79E+06	9.30E+06	9.55E+06	4.01E+08	3.75E+08	4.35E+08	3.73E+08	3.66E+08
A0A7M7JLC2	A0A7M7JLC2	A0A7M7JLC2			1	LTHDEVQR	LTHDEVQR	2	LTHDEVQR2	1.28E+06	1.03E+06	714835	1.79E+06	1.50E+06	2.19E+06	1.20E+06	122318	728939					
A0A7M7JTQ9	A0A7M7JTQ9	A0A7M7JTQ9			1	LTSAYGQVR	LTSAYGQVR	2	LTSAYGQVR2	1.78E+06	1.63E+06	1.71E+06	2.17E+06	1.82E+06	1.58E+06	1.01E+06	1.05E+06	902297					
A0A7M7JAQ4	A0A7M7JAQ4	A0A7M7JAQ4			1	LVPNQDPTK	LVPNQDPTK	2	LVPNQDPTK2	2.17E+07	2.25E+07	2.08E+07	2.79E+07	2.75E+07	2.66E+07	1.28E+07	1.21E+07	1.31E+07					
A0A7M7L580	A0A7M7L580	A0A7M7L580			1	MATSFLIQGA	M(UniMod:35)ATSFLIQGA	2	M(UniMod:35)ATSFLIQGA2	152744	172333	120629	308096	329341	412715	51674	47062.1	65586.9					
A0A7M7MEG8	A0A7M7MEG8	A0A7M7MEG8			1	MAYGTALEK	M(UniMod:35)AYGTALEK	2	M(UniMod:35)AYGTALEK2	1.78E+06	1.65E+06	1.61E+06	945456	876619	768030	2.50E+06	2.45E+06	2.04E+06					
A0A7M7JLC2	A0A7M7JLC2	A0A7M7JLC2			1	MDDAEEELV	M(UniMod:35)DDAEEELV	2	M(UniMod:35)DDAEEELV2	70415.8	73321.1	67258.4	205045	200611	198349	210520	205958	190478					
A0A7M7JLC2	A0A7M7JLC2	A0A7M7JLC2			1	MDDAEEELVVGLPK	M(UniMod:35)DDAEEELVVGLPK	3	M(UniMod:35)DDAEEELVVGLPK3	194053	116142	148769											
A0A7M7KHQ2	A0A7M7KHQ2	A0A7M7KHQ2			1	MDLALLTLQ	M(UniMod:35)DLALLTLQ	2	M(UniMod:35)DLALLTLQ2	30568.9	32101.4	24043	189578	149493	119375	25108.8	16994.7	26562.9					
A0A7M7MEG8	A0A7M7MEG8	A0A7M7MEG8			1	MGAISQANIK	M(UniMod:35)GAISQANIK	2	M(UniMod:35)GAISQANIK2	1.06E+07	1.02E+07	9.21E+06	2.84E+06	2.40E+06	2.40E+06	3.81E+06	3.29E+06	3.46E+06					
A0A7M7JLQ4	A0A7M7JLQ4	A0A7M7JLQ4			1	MPVNEPAPGK	M(UniMod:35)PVNEPAPGK	2	M(UniMod:35)PVNEPAPGK2	1.11E+06	1.20E+06	1.18E+06	1.81E+06	1.48E+06	1.34E+06	1.56E+06	1.47E+06	1.74E+06					
A0A7M7JAU2	A0A7M7JAU2	A0A7M7JAU2			1	MQLQQAPK	M(UniMod:35)QLQQAPK	2	M(UniMod:35)QLQQAPK2	185114	150512	62308.1	664363	320367	590076	1.08E+06	896044	1.10E+06					
A0A7M7KWN7	A0A7M7KWN7	A0A7M7KWN7			1	MSIVEEDGGK	M(UniMod:35)SIVEEDGGK	2	M(UniMod:35)SIVEEDGGK2	1.00E+06	993765	883889	1.62E+06	1.30E+06	1.63E+06	2.28E+06	2.43E+06	2.64E+06					
A0A7M7J9Z8	A0A7M7J9Z8	A0A7M7J9Z8			1	MTQSNAILK	M(UniMod:35)TQSNAILK	2	M(UniMod:35)TQSNAILK2	1.39E+06	1.18E+06	1.17E+06	891891	892741	821775	582560	574692	613572					
A0A7M7K322	A0A7M7K322	A0A7M7K322			1	NDLYGGVNR	NDLYGGVNR	2	NDLYGGVNR2	497464	488987	459831	850985	769673	848019	217448	176644	225762					
A0A7M7J610	A0A7M7J610	A0A7M7J610			1	NDNSEEIAK	NDNSEEIAK	2	NDNSEEIAK2	463781	401332	398674	99965.7	84372.3	104585	133586	118299	101226					
A0A7M7K6Q6	A0A7M7K6Q6	A0A7M7K6Q6			1	NETVDNLEK	NETVDNLEK	2	NETVDNLEK2	1.05E+06	1.14E+06	1.12E+06	2.07E+06	1.93E+06	1.94E+06	5.76E+06	5.44E+06	5.18E+06					
A0A7M7K4S9	A0A7M7K4S9	A0A7M7K4S9			1	NGDEWTIR	NGDEWTIR	2	NGDEWTIR2	465646	479820	422993	380395	387751	300538	405233	427372	491159					
A0A7M7J3H7	A0A7M7J3H7	A0A7M7J3H7			1	NGSSSNGGGNR	NGSSSNGGGNR	2	NGSSSNGGGNR2	496291	417646	417179	635209	118556	97570.8	268709	326478	351237					
A0A7M7JIC2	A0A7M7JIC2	A0A7M7JIC2			1	NIPDADGQR	NIPDADGQR	2	NIPDADGQR2	888101	972502	892658	1.32E+06	1.29E+06	1.21E+06	2.82E+06	2.46E+06	2.30E+06					
P35908	P35908	P35908	KRT2		1	NLDLDSIIA	NLDLDSIIA	2	NLDLDSIIA2	122636	65708.1	61080.3	82529.2	127381	139649	8754.84	10536.2	4624.51					
P35908	P35908	P35908	KRT2		1	NLDLDSIIAE	NLDLDSIIAE	2	NLDLDSIIAE2		6751.04	4832.56		16678.4									
A0A7M7KWN7	A0A7M7KWN7	A0A7M7KWN7			1	NNVVNTMR	NNVVNTM(UniMod:35)R	2	NNVVNTM(UniMod:35)R2	1.90E+06	3.99E+06	2.99E+06	6.99E+06	6.15E+06	4.75E+06	1.74E+06	3.80E+06	1.04E+07					
A0A7M7JKE6	A0A7M7JKE6	A0A7M7JKE6			1	NPMINSLSPF	NPM(UniMod:35)INSLSPF	2	NPM(UniMod:35)INSLSPF2	18457.8	58344.6	18542.8	26420.2	65668.8	62069.7	61457.1	59229	50508.6					
A0A7M7J6K7	A0A7M7J6K7	A0A7M7J6K7			1	NPNEASYLR	NPNEASYLR	2	NPNEASYLR2	2.19E+06	2.15E+06	1.96E+06	3.93E+06	3.51E+06	3.55E+06	180050	154551	161935					
A0A7M7K6Q6	A0A7M7K6Q6	A0A7M7K6Q6			1	NSDFAYTER	NSDFAYTER	2	NSDFAYTER2	70279.5	59568.2	65337.7	291640	246439	240228	134540	133947	83951.1					
A0A7M7J3H2	A0A7M7J3H2	A0A7M7J3H2			1	NVMLSQTSK	NVM(UniMod:35)LSQTSK	2	NVM(UniMod:35)LSQTSK2	207350	217420	193680	200647	200115	172599	304130	322592	307964					
P35908	P35908	P35908	KRT2		1	NVQDAIADAE	NVQDAIADAE	2	NVQDAIADAE2	376953	375680	317377	426034	432094	492844	204153	276277	212188					
P13645	P13645	P13645	KRT10		1	NVSTGDVNVE	NVSTGDVNVE	2	NVSTGDVNVE2	5.94E+06	5.40E+06	4.51E+06	3.12E+06	3.35E+06	3.26E+06	2.09E+06	1.80E+06	1.79E+06	5.91E+06	6.80E+06	7.71E+06	2.05E+06	1.90E+06
A0A7M7KDZ7	A0A7M7KDZ7	A0A7M7KDZ7			1	PFQAQEAAR	PFQAQEAAR	2	PFQAQEAAR2	360842	391596	361943	342191	366119	297587	130598	115505	127546					
A0A7M7J3P9	A0A7M7J3P9	A0A7M7J3P9			1	QANTPEAENR	QANTPEAENR	2	QANTPEAENR2	91085	67628.6	82469.1	138019	99247.9	86165.7	155707	49628.7	165783					
A0A7M7JLA4	A0A7M7JLA4	A0A7M7JLA4			1	QANVGQAPAR	QANVGQAPAR	2	QANVGQAPAR2	139035	48771.2	57129.1		271024	261632	376638	266772	25262.5					
P04264	P04264	P04264	KRT1		1	QDMVEDYR	QDM(UniMod:35)VEDYR	2	QDM(UniMod:35)VEDYR2	356962	379608	387045	271410	235621	214732	272270	285926	319017		592602			
P04264	P04264	P04264	KRT1		1	QDMVEDYR	QDMVEDYR	2	QDMVEDYR2	126336	120130	86023.9	128757	130003	111229	58292.9	63310.1	48326	3.16E+06	2.77E+06			360166
A0A7M7K1F0	A0A7M7K1F0	A0A7M7K1F0			1	QEEDYDIR	QEEDYDIR	2	QEEDYDIR2	187334	193270	183713	79244.4	58380.7	73248.8	171743	156708	116796					
P35527	P35527	P35527	KRT9		1	QEYEQLIAK	QEYEQLIAK	2	QEYEQLIAK2	1.15E+06	1.14E+06	1.05E+06				188774	187156	159892	1.52E+06	1.50E+06	1.57E+06	3.92E+06	3.83E+06
A0A7M7KQK5	A0A7M7KQK5	A0A7M7KQK5			1	QFEVAENK	QFEVAENK	2	QFEVAENK2	287081	279195	274177	233267	259618	261346	381532	366117	360041					
P35527	P35527	P35527	KRT9		1	QFSSSYLSR	QFSSSYLSR	2	QFSSSYLSR2	150871	139286	147915											2.01E+06
A0A7M7JX48	A0A7M7JX48	A0A7M7JX48			1	QGFPGPQGPY	QGFPGPQGPY	2	QGFPGPQGPY2	2.46E+06	2.38E+06	2.06E+06	1.70E+06	2.18E+06	1.93E+06	1.22E+06	1.13E+06	1.30E+06					
P35527	P35527	P35527	KRT9		1	QGVDADINGL	QGVDADINGL	2	QGVDADINGL2	429388	529311	271186		155962	167188	50692.5	70746.8						
A0A7M7MHZ1	A0A7M7MHZ1	A0A7M7MHZ1			1	QLNAIDNTGK	QLNAIDNTGK	2	QLNAIDNTGK2	113857	105652	97325.4	218142	218866	174046	133221	133934	107386					
A0A7M7K3X8	A0A7M7K3X8	A0A7M7K3X8			1	QNTLDDVHAA	QNTLDDVHAA	2	QNTLDDVHAA2	147544	141292	150637	156795	156445	153413		148850	155651					
A0A7M7K803	A0A7M7K803	A0A7M7K803			1	QQLVSGTVAK	QQLVSGTVAK	2	QQLVSGTVAK2	979952	922941	850553	875076	785579	770207	371656	370429	355234					
A0A7M7K467	A0A7M7K467	A0A7M7K467			1	QQMFSGDVK	QQM(UniMod:35)FSGDVK	2	QQM(UniMod:35)FSGDVK2	67203.6	33178.3	65564.7	87821.2	69387.5	76621.2	163613	162410	195649					
P04264	P04264	P04264	KRT1		1	QSISDAEQR	QSISDAEQR	2	QSISDAEQR2	354420	356264	352914	276827	273257	257588	455622	444636	424131		2.20E+06			
P13645	P13645	P13645	KRT10		1	QSVEADINGL	QSVEADINGL	2	QSVEADINGL2	12017.9	28694.3	30183.1	35173.8	39620	21758.2		2168.19						
A0A7M7JLC2	A0A7M7JLC2	A0A7M7JLC2			1	QTITDWQK	QTITDWQK	2	QTITDWQK2	5.85E+06	5.45E+06	4.89E+06	465000	438318	412390	245557	260989	247082					
A0A7M7JNW1	A0A7M7JNW1	A0A7M7JNW1			1	QTQAVIDGR	QTQAVIDGR	2	QTQAVIDGR2	23004.5	33686.3	31240.7	51996.1	48274.1	53719	107680	91341.9	71326.8					
A0A7M7K016	A0A7M7K016	A0A7M7K016			1	QTVDLYER	QTVDLYER	2	QTVDLYER2	450676	462264	446621	405054	398907	375164								
A0A7M7K6Q6	A0A7M7K6Q6	A0A7M7K6Q6			1	QVNTETGGLR	QVNTETGGLR	2	QVNTETGGLR2	1.90E+06	1.79E+06	1.80E+06	3.03E+06	2.77E+06	3.05E+06	7.23E+06	7.45E+06	6.46E+06					
P04264	P04264	P04264	KRT1		1	QYEDIAQK	QYEDIAQK	2	QYEDIAQK2	348722	346542	320823	76639.5	92614.3	127176	621732	603814	526460					
A0A7M7J610	A0A7M7J610	A0A7M7J610			1	REIEIDGGR	REIEIDGGR	2	REIEIDGGR2	4.51E+06	3.69E+06	4.57E+06	478535	404573	360812								
A0A7M7J610	A0A7M7J610	A0A7M7J610			1	RLNDETPR	RLNDETPR	2	RLNDETPR2	679192	690829	428117	158212	153613	108096	144284	117450	56278.2					
A0A7M7J990	A0A7M7J990	A0A7M7J990			1	SAAYVNSIEK	SAAYVNSIEK	2	SAAYVNSIEK2	1.07E+06	1.09E+06	1.03E+06	776333	749367	702660	832583	788411	749170					
A0A7M7KB53	A0A7M7KB53	A0A7M7KB53			1	SALEGPGSEK	SALEGPGSEK	2	SALEGPGSEK2	223382	198161	225550	383839	337771	321371	554322	678518	636998					
A0A7M7MAI7	A0A7M7MAI7	A0A7M7MAI7			1	SAMGTYVSNR	SAM(UniMod:35)GTYVSNR	2	SAM(UniMod:35)GTYVSNR2	111903	105525	120616	210956	136307	158327	433158	399988	469078					
A0A7M7JLC2	A0A7M7JLC2	A0A7M7JLC2			1	SAVFVQVAPY	SAVFVQVAPY	2	SAVFVQVAPY2	262597	543291	199037		1.50E+06		225077		263062					
P35527	P35527	P35527	KRT9		1	SDLEMQYE	SDLEM(UniMod:35)QYE	2	SDLEM(UniMod:35)QYE2	102106	79308.9	77097.6	52114.8	76950.5	82106.1	96612.5	119410	119618					
P35527	P35527	P35527	KRT9		1	SDLEMQYE	SDLEMQYE	2	SDLEMQYE2		30246.4				37706.9								
A0A7M7J610	A0A7M7J610	A0A7M7J610			1	SDQAEDSEVR	SDQAEDSEVR	2	SDQAEDSEVR2	1.96E+06	1.56E+06	1.25E+06	2.88E+06	2.98E+06	2.32E+06	1.20E+06	1.16E+06	1.22E+06					
P13645	P13645	P13645	KRT10		1	SEITELRR	SEITELRR	2	SEITELRR2										2.04E+06	1.73E+06	1.87E+06		1.37E+06
A0A7M7JE91	A0A7M7JE91	A0A7M7JE91			1	SEVNQENFR	SEVNQENFR	2	SEVNQENFR2	609061	553673	571925	642524	538388	518866	1.65E+06	1.68E+06	1.79E+06					
A0A7M7KDL5	A0A7M7KDL5	A0A7M7KDL5			1	SGADSESTLR	SGADSESTLR	2	SGADSESTLR2	43304.9	64171.4		97548.1	82244.3	71097.8	166760	175244	185371					
A0A7M7MEG8	A0A7M7MEG8	A0A7M7MEG8			1	SGAPAVLLDAF	SGAPAVLLDAF	2	SGAPAVLLDAF2	102250	73669.7	92203.6	297984	592579	447057	47115.8	49241.9	34846.6					
P35908	P35908	P35908	KRT2		1	SGGGFGGGGFGGGR	SGGGFGGGGFGGGR	2	SGGGFGGGGFGGGR2	533808	472829	453435				54521.5	58929.2	55587.6	6.33E+06	6.01E+06	5.63E+06	2.09E+06	2.14E+06
A0A7M7K3G2	A0A7M7K3G2	A0A7M7K3G2			1	SIQDPTSPK	SIQDPTSPK	2	SIQDPTSPK2	1.21E+06	1.29E+06	1.23E+06	1.00E+06	970670	868917	1.21E+06	1.21E+06	1.30E+06					
A0A7M7M4V0	A0A7M7M4V0	A0A7M7M4V0			1	SISDNIASR	SISDNIASR	2	SISDNIASR2	1.22E+06	1.12E+06	1.04E+06	1.79E+06	1.97E+06	1.87E+06	780545	739944	687148					
A0A7M7JG63	A0A7M7JG63	A0A7M7JG63			1	SIVDNDASGR	SIVDNDASGR	2	SIVDNDASGR2	3.30E+06	3.63E+06	3.24E+06	1.71E+06	1.79E+06	1.69E+06	3.43E+06	3.19E+06	3.54E+06					
P04264	P04264	P04264	KRT1		1	SLDLDSIIAE	SLDLDSIIAE	2	SLDLDSIIAE2	382853	285155	265264	306814	638354	536304		180951	142117					
A0A7M7KWN7	A0A7M7KWN7	A0A7M7KWN7			1	SLEYYMGR	SLEYYM(UniMod:35)GR	2	SLEYYM(UniMod:35)GR2	413958	404687	379966	1.22E+06	1.11E+06	1.05E+06								
P13645	P13645	P13645	KRT10		1	SLLEGEGSSGGGGRGGGSF	SLLEGEGSSGGGGRGGGSF	3	SLLEGEGSSGGGGRGGGSF3			60371.7	2.06E+06	2.17E+06		41558.2	46106.5						
A0A7M7JQ57	A0A7M7JQ57	A0A7M7JQ57			1	SMPTAGAVDR	SM(UniMod:35)PTAGAVDR	2	SM(UniMod:35)PTAGAVDR2	272865	349059	272618	478265	405615	477158	887236	826251	919361					
A0A7M7JAQ4	A0A7M7JAQ4	A0A7M7JAQ4			1	SQLVDVNNK	SQLVDVNNK	2	SQLVDVNNK2	342248	341472	312489	803642	774775	751658	158149	150528	139926					
A0A7M7KZZ2	A0A7M7KZZ2	A0A7M7KZZ2			1	SQMAASPER	SQM(UniMod:35)AASPER	2	SQM(UniMod:35)AASPER2	81051.9	103078	115253	291648	49433.9	26107.2	26622.2	62418.6	32993.6					
P13645	P13645	P13645	KRT10		1	SQYEQLAEQNRK	SQYEQLAEQNRK	3	SQYEQLAEQNRK3	1.14E+06	1.10E+06	1.07E+06	2.67E+06	2.30E+06	2.09E+06				8.58E+06	7.50E+06	8.58E+06	1.08E+07	1.07E+07
A0A7M7K6S1	A0A7M7K6S1	A0A7M7K6S1			1	SRPTTDLTTS	SRPTTDLTTS	2	SRPTTDLTTS2	339153	355016	352026	482809	500103	475941	950093	944806	983625					
P13645	P13645	P13645	KRT10		1	SSGGFSGGSFSR	SSGGFSGGSFSR	2	SSGGFSGGSFSR2	1.58E+06	1.54E+06	1.61E+06	161897	165125	133106	106943	107296	116660	1.28E+06	1.14E+06	1.07E+06	1.71E+06	1.70E+06
P35908	P35908	P35908	KRT2		1	SSGSAVVSGGSR	SSGSAVVSGGSR	2	SSGSAVVSGGSR2	134025	180204	504336	387128	135867	147008	98748.2	280416	332899					287904
P35527	P35527	P35527	KRT9		1	SSLGGGFGGGSR	SSLGGGFGGGSR	2	SSLGGGFGGGSR2	2.46E+06	2.26E+06	2.24E+06	139558	145605	122138	190206	180332	198703		788312		1.53E+06	1.45E+06
P35908	P35908	P35908	KRT2		1	SSTISSNVASK	SSTISSNVASK	2	SSTISSNVASK2	1.55E+06	1.53E+06	1.67E+06	1.66E+06	1.47E+06	1.31E+06	1.59E+06	1.51E+06	1.72E+06		1.19E+06		2.87E+06	3.41E+06
P35908	P35908	P35908	KRT2		1	STISSNVASK	STISSNVASK	2	STISSNVASK2	275919	271112	312724	231479	230520	193756	241442	231344	253488					
P35527	P35527	P35527	KRT9		1	STMQELNSR	STM(UniMod:35)QELNSR	2	STM(UniMod:35)QELNSR2	2.71E+07	1.52E+07	3.23E+07	1.14E+07	5.84E+06	2.74E+06	3.48E+07	9.90E+06	7.27E+06	1.27E+06	1.78E+06			957297
P35527	P35527	P35527	KRT9		1	STMQELNSR	STMQELNSR	2	STMQELNSR2	4.80E+06	4.53E+06	3.63E+06	3.15E+06	2.83E+06	2.53E+06	3.20E+06	2.91E+06	3.68E+06	3.55E+06	3.49E+06		9.66E+06	9.97E+06
A0A7M7JLC2	A0A7M7JLC2	A0A7M7JLC2			1	STVSHAPYTE	STVSHAPYTE	2	STVSHAPYTE2		43875.2	41210.1	73140.8	83696.3	71450.4	245381	243445	293536					
A0A7M7IY42	A0A7M7IY42	A0A7M7IY42			1	SYELPDGQVI	SYELPDGQVI	2	SYELPDGQVI2	104380	169080	92794.7	31441.1	44143.7									
A0A7M7KTI6	A0A7M7KTI6	A0A7M7KTI6			1	SYVYSMAR	SYVYSM(UniMod:35)AR	2	SYVYSM(UniMod:35)AR2	430198	529668	502412	402329	382146	317492	1.72E+06	1.69E+06	1.86E+06					
A0A7M7JQK9	A0A7M7JQK9	A0A7M7JQK9			1	TDIIDASQGGK	TDIIDASQGGK	2	TDIIDASQGGK2	3.51E+06	3.23E+06	3.05E+06	5.18E+06	4.82E+06	4.65E+06	6.25E+06	6.04E+06	6.42E+06					
A0A7M7J6F1	A0A7M7J6F1	A0A7M7J6F1			1	TDNTEPLGR	TDNTEPLGR	2	TDNTEPLGR2	883819	937338	901034	1.23E+06	1.22E+06	1.09E+06	2.32E+06	2.35E+06	2.21E+06					
P13645	P13645	P13645	KRT10		1	TEELAYLK	TEELAYLK	2	TEELAYLK2		31291.5	87656.3							2.59E+06	2.59E+06	2.78E+06		
A0A7M7K1F0	A0A7M7K1F0	A0A7M7K1F0			1	TELEQVQR	TELEQVQR	2	TELEQVQR2	8.19E+06	8.45E+06	9.24E+06	1.14E+07	1.08E+07	1.03E+07	1.92E+07	1.85E+07	1.77E+07					
A0A7M7J610	A0A7M7J610	A0A7M7J610			1	TGNELAYVVQ	TGNELAYVVQ	2	TGNELAYVVQ2	61964.2	74901.3	36669.1	219003	258282	218409	31059.4	32813.3	43818					
A0A7M7K1F0	A0A7M7K1F0	A0A7M7K1F0			1	TIDEMISR	TIDEM(UniMod:35)ISR	2	TIDEM(UniMod:35)ISR2	2.24E+06	1.81E+06	2.03E+06	2.81E+06	2.53E+06	2.54E+06	1.37E+06	1.24E+06	1.34E+06					
A0A7M7J1E2	A0A7M7J1E2	A0A7M7J1E2			1	TITSSYYR	TITSSYYR	2	TITSSYYR2	214521	210458	173619	232864	165797	176831	354082	334975	309931					
P35527	P35527	P35527	KRT9		1	TLLDIDNTR	TLLDIDNTR	2	TLLDIDNTR2	439161	395883	397048		24198.3	14795.1	48530.6	48410.6	37793.2	2.29E+07	2.31E+07	2.40E+07		2.41E+06
P04264	P04264	P04264	KRT1		1	TLLEGEESR	TLLEGEESR	2	TLLEGEESR2	3.31E+08	3.12E+08	2.90E+08	1.08E+08	1.06E+08	9.34E+07	2.28E+07	2.14E+07	2.27E+07	7.15E+07	7.46E+07	8.04E+07	7.98E+07	8.04E+07
P62979	P62979	P62979	RPS27A		1	TLSDYNIQK	TLSDYNIQK	2	TLSDYNIQK2	3.92E+06	3.85E+06	3.54E+06	2.46E+06	2.30E+06	2.11E+06	1.24E+06	1.27E+06	1.29E+06					
A0A7M7KWN7	A0A7M7KWN7	A0A7M7KWN7			1	TLSNTMINL	TLSNTM(UniMod:35)INL	2	TLSNTM(UniMod:35)INL2	53674.3	61418.5			94880.5									
P04264	P04264	P04264	KRT1		1	TNAENEFVT	TNAENEFVT	2	TNAENEFVT2	301147	307843	258372	319866	315467	322077	93475.5	81344.7	89627.5					
A0A7M7JQK9	A0A7M7JQK9	A0A7M7JQK9			1	TPGDEPLATK	TPGDEPLATK	2	TPGDEPLATK2	2.66E+06	2.52E+06	2.65E+06	2.61E+06	2.63E+06	2.06E+06								
A0A7M7J610	A0A7M7J610	A0A7M7J610			1	TSETAFHSR	TSETAFHSR	2	TSETAFHSR2	722004	1.89E+06	1.57E+06	392252	264619	70222.2	151587	166003	118331					
A0A7M7K353	A0A7M7K353	A0A7M7K353			1	TSIEGLDQK	TSIEGLDQK	2	TSIEGLDQK2	564053	519039	508340	709960	698697	673598	149811	152126	155859					
A0A7M7KGD0	A0A7M7KGD0	A0A7M7KGD0			1	TSVVEESQK	TSVVEESQK	2	TSVVEESQK2	732321	461634	546323	796726	1.08E+06	855668	1.23E+06	1.23E+06	838610					
A0A7M7J610	A0A7M7J610	A0A7M7J610			1	TTDLGIEHT	TTDLGIEHT	2	TTDLGIEHT2	8.12E+06	8.14E+06	7.56E+06	38799.1	30342.4	77779.5								
A0A7M7JQT3	A0A7M7JQT3	A0A7M7JQT3			1	VADLIEEQR	VADLIEEQR	2	VADLIEEQR2	654655	6.88E+06	611466	4.59E+06	334921	312867	9.44E+06	960713	9.36E+06					
A0A7M7K486	A0A7M7K486	A0A7M7K486			1	VAISEQAQK	VAISEQAQK	2	VAISEQAQK2	675546	702031	599831	1.27E+06	1.15E+06	1.01E+06	2.14E+06	1.95E+06	2.37E+06					
A0A7M7JNZ6	A0A7M7JNZ6	A0A7M7JNZ6			1	VDEVLYEGQ	VDEVLYEGQ	2	VDEVLYEGQ2	377950	393172	337017	377802	466392	380280	143244	129184	127641					
A0A7M7JHW3	A0A7M7JHW3	A0A7M7JHW3			1	VDGEGSNVQR	VDGEGSNVQR	2	VDGEGSNVQR2	691298	549083	292202	191372	973299	814293	543220	673196	846036					
A0A7M7K177	A0A7M7K177	A0A7M7K177			1	VDGGITPETR	VDGGITPETR	2	VDGGITPETR2	305730	274230	278108	154083	141364	130095								
P35908	P35908	P35908	KRT2		1	VDPEIQNVK	VDPEIQNVK	2	VDPEIQNVK2	2.14E+07	1.97E+07	1.88E+07	979338	935020	967691	7.03E+06	6.22E+06	6.26E+06	9.28E+06	9.09E+06	8.85E+06	1.97E+07	1.92E+07
A0A7M7JXE3	A0A7M7JXE3	A0A7M7JXE3			1	VEDCPDLTK	VEDC(UniMod:4)PDLTK	2	VEDC(UniMod:4)PDLTK2	150908	138089	124691	90337.1	70399.7	63847.3	123131	144658	96500.5					
A0A7M7J610	A0A7M7J610	A0A7M7J610			1	VFFPPEYIQ	VFFPPEYIQ	2	VFFPPEYIQ2	786697	683764	710289	86439.5	107293		38063.9	30252.9						
A0A7M7K1F0	A0A7M7K1F0	A0A7M7K1F0			1	VGEQIIQLQ	VGEQIIQLQ	2	VGEQIIQLQ2	894928	860850	789698	3.69E+06	4.35E+06	3.94E+06	354188	331799	364680					
A0A7M7JAZ1	A0A7M7JAZ1	A0A7M7JAZ1			1	VHTVVVSTQ	VHTVVVSTQ	2	VHTVVVSTQ2	101330	102992	103360	304734	303395	310446	66131.3	49265.6	58268.7					
A0A7M7JLC2	A0A7M7JLC2	A0A7M7JLC2			1	VIDMFPSEF	VIDM(UniMod:35)FPSEF	2	VIDM(UniMod:35)FPSEF2	1.69E+06	2.83E+06	1.24E+06	952298	1.35E+06	886798	382196	316275	422138					
A0A7M7JG63	A0A7M7JG63	A0A7M7JG63			1	VIQYNLATGE	VIQYNLATGE	2	VIQYNLATGE2	83992.7	82457.6	83509.1	129403	168893	184726	37751.7	35445.5	38542.1					
A0A7M7JS35	A0A7M7JS35	A0A7M7JS35			1	VIREPPEQ	VIREPPEQ	2	VIREPPEQ2	241212	223546	180268	296302	271727	378386	132427	110490	110712					
A0A7M7KI81	A0A7M7KI81	A0A7M7KI81			1	VITDDEER	VITDDEER	2	VITDDEER2	109493	92423	89842.8	143705	115530	98380.3	229766	227965	204003					
P13645	P13645	P13645	KRT10		1	VLDELTLTK	VLDELTLTK	2	VLDELTLTK2	186719	186003	189057					40254.1		1.58E+07	1.51E+07	1.61E+07		
A0A7M7K7M8	A0A7M7K7M8	A0A7M7K7M8			1	VLLPEYGGQ	VLLPEYGGQ	2	VLLPEYGGQ2	851795	682193	573908		404475		199367	186740	139863					
P35527	P35527	P35527	KRT9		1	VQALEEANNDLENK	VQALEEANNDLENK	3	VQALEEANNDLENK3	1.59E+06	1.27E+06	1.28E+06				713590	590599	518719	1.00E+06	1.10E+06	1.27E+06	1.82E+06	1.76E+06
A0A7M7KIM1	A0A7M7KIM1	A0A7M7KIM1			1	VTLQEDGAR	VTLQEDGAR	2	VTLQEDGAR2	140866	145594	140662	146861	161424	160934	380636	387967	371688					
P13645	P13645	P13645	KRT10		1	VTMQNLNDR	VTM(UniMod:35)QNLNDR	2	VTM(UniMod:35)QNLNDR2	1.74E+07	1.70E+07	1.64E+07	4.34E+06	3.30E+06	3.39E+06	1.31E+07	1.19E+07	1.44E+07	2.85E+06	2.59E+06	2.62E+06	2.24E+06	1.89E+06
P13645	P13645	P13645	KRT10		1	VTMQNLNDR	VTMQNLNDR	2	VTMQNLNDR2	7.62E+06	6.14E+06	5.14E+06	1.34E+06	1.27E+06	1.05E+06	639673	651858	706813	9.93E+06	1.05E+07	1.09E+07	3.26E+07	3.21E+07
A0A7M7J110	A0A7M7J110	A0A7M7J110			1	VTSEVINAGTK	VTSEVINAGTK	2	VTSEVINAGTK2	1.78E+06	1.67E+06	1.52E+06	2.47E+06	2.27E+06	2.22E+06	793975	760576	775585					
A0A7M7K2R4	A0A7M7K2R4	A0A7M7K2R4			1	VTVADPNEAR	VTVADPNEAR	2	VTVADPNEAR2	707018	622666	662235	1.15E+06	1.10E+06	1.16E+06	1.17E+06	1.07E+06	1.13E+06					
A0A7M7JA73	A0A7M7JA73	A0A7M7JA73			1	VVNGELGDLF	VVNGELGDLF	2	VVNGELGDLF2	16629.6	40286.8	9161.88	12946.7	25100.7		8848.11	44110.2						
A0A7M7MH43	A0A7M7MH43	A0A7M7MH43			1	VVVTGAAGQIGY	VVVTGAAGQIGY	2	VVVTGAAGQIGY2	37178.3	27736.5	44692.8		21954.5	12189.2								
P00761	P00761	P00761			1	WIQQTIAAN	WIQQTIAAN	2	WIQQTIAAN2	115962	109390	108751	157435	180912	182116	52665.7	55162.4	59558.2					
A0A7M7KWN7	A0A7M7KWN7	A0A7M7KWN7			1	WVDTQVILA	WVDTQVILA	2	WVDTQVILA2	73032.9	137931	56617.1	322798	254997	176127	82499.6	61195.2	119907					
A0A7M7J8D9	A0A7M7J8D9	A0A7M7J8D9			1	YDGEEGEGR	YDGEEGEGR	2	YDGEEGEGR2	208334	292903	326176	633036	200173	268971	419082	274413	157042					
A0A7M7KAK2	A0A7M7KAK2	A0A7M7KAK2			1	YDGQGSNVLK	YDGQGSNVLK	2	YDGQGSNVLK2	193729	183996	178937	212414	225751	211989	344126	368762	369429					
P04264	P04264	P04264	KRT1		1	YEDEINKR	YEDEINKR	2	YEDEINKR2	946258	679273	667001	685673	414156	383862	1.33E+06	1.52E+06	632599		8.31E+06	8.67E+06	2.86E+06	3.22E+06
P13645	P13645	P13645	KRT10		1	YENEVALR	YENEVALR	2	YENEVALR2	1.12E+08	1.15E+08	1.16E+08	5.83E+07	5.37E+07	4.85E+07	5.70E+06	5.72E+06	4.74E+06	5.37E+07	4.63E+07	4.98E+07	3.64E+07	3.59E+07
P13645	P13645	P13645	KRT10		1	YENEVALRQ	YENEVALRQ	2	YENEVALRQ2	7.53E+06	7.62E+06	7.67E+06	8.68E+06	8.15E+06	7.74E+06	652084	593402	519242	3.01E+06	2.87E+06	2.87E+06		1.67E+06
A0A7M7K1F0	A0A7M7K1F0	A0A7M7K1F0			1	YEQGIAGTF	YEQGIAGTF	2	YEQGIAGTF2	185600	173498	160473	383062	467505	421819	74180.9	69831.2	64457.5					
P35908	P35908	P35908	KRT2		1	YLDGLTAER	YLDGLTAER	2	YLDGLTAER2	2.34E+06	2.04E+06	2.34E+06				324485	379097	305323	6.46E+06	6.21E+06			1.03E+06
A0A7M7K425	A0A7M7K425	A0A7M7K425			1	YNELVGANK	YNELVGANK	2	YNELVGANK2	175909	160310	163753	237773	212630	196343	200750	205075	184464					
P35527	P35527	P35527	KRT9		1	YNTIDDLK	YNTIDDLK	2	YNTIDDLK2	935342	847537	850208	120158	121414	117307					1.72E+06			
A0A7M7JH62	A0A7M7JH62	A0A7M7JH62			1	YSAGVEQVL	YSAGVEQVL	2	YSAGVEQVL2	150710	157706	132717	212168	226442	226139	154935	157050	150770					
A0A7M7KLU4	A0A7M7KLU4	A0A7M7KLU4			1	YSEGYPGQR	YSEGYPGQR	2	YSEGYPGQR2	1.73E+06	1.73E+06	1.74E+06	2.30E+06	1.87E+06	1.78E+06	5.84E+06	5.71E+06	6.33E+06					
A0A7M7K1T7	A0A7M7K1T7	A0A7M7K1T7			1	YTGATPIAGR	YTGATPIAGR	2	YTGATPIAGR2	2.02E+06	1.92E+06	1.86E+06	1.95E+06	1.85E+06	1.68E+06	360708	341828	294028					